old_id,new_id,game_date,name
mlb20260315-lad-chc-lad-chicago,chc2026lad,2026-03-14,"Los Angeles Fans Takeover Chicago"
mlb20260316-chc-cle-chc-cleveland,cle2026chc,2026-03-15,"Chicago Fans Takeover Cleveland"
mlb20260317-laa-chc-laa-chicago,chc2026laa,2026-03-16,"Los Angeles Fans Takeover Chicago"
mlb20260318-chc-ari-chc-phoenix,ari2026chc,2026-03-17,"Chicago Fans Takeover Phoenix"
mlb20260320-chc-ath-chc-sacramento,ath2026chc,2026-03-19,"Chicago Fans Takeover Sacramento"
mlb20260320-cin-chc-cin-chicago,chc2026cin,2026-03-19,"Cincinnati Fans Takeover Chicago"
mlb20260321-chc-sea-chc-seattle,sea2026chc,2026-03-20,"Chicago Fans Takeover Seattle"
mlb20260322-mil-chc-mil-chicago,chc2026mil,2026-03-21,"Milwaukee Fans Takeover Chicago"
mlb20260323-nyy-chc-nyy-chicago,chc2026nyy,2026-03-22,"New York Fans Takeover Chicago"
mlb20260324-nyy-chc-nyy-chicago,chc2026nyy1,2026-03-23,"New York Fans Takeover Chicago"
mlb20260326-wsh-chc-wsh-chicago,chc2026wsh,2026-03-25,"Washington Fans Takeover Chicago"
mlb20260328-wsh-chc-wsh-chicago,chc2026wsh1,2026-03-27,"Washington Fans Takeover Chicago"
mlb20260329-wsh-chc-wsh-chicago,chc2026wsh2,2026-03-28,"Washington Fans Takeover Chicago"
mlb20260330-laa-chc-laa-chicago,chc2026laa1,2026-03-29,"Los Angeles Fans Takeover Chicago"
mlb20260331-laa-chc-laa-chicago,chc2026laa2,2026-03-30,"Los Angeles Fans Takeover Chicago"
mlb20260401-laa-chc-laa-chicago,chc2026laa3,2026-03-31,"Los Angeles Fans Takeover Chicago"
mlb20260403-chc-cle-chc-cleveland,cle2026chc1,2026-04-02,"Chicago Fans Takeover Cleveland"
mlb20260404-chc-cle-chc-cleveland,cle2026chc2,2026-04-03,"Chicago Fans Takeover Cleveland"
mlb20260405-chc-cle-chc-cleveland,cle2026chc3,2026-04-04,"Chicago Fans Takeover Cleveland"
mlb20260406-chc-tb-chc-tampa-bay,tbr2026chc,2026-04-05,"Chicago Fans Takeover Tampa Bay"
mlb20260407-chc-tb-chc-tampa-bay,tbr2026chc1,2026-04-06,"Chicago Fans Takeover Tampa Bay"
mlb20260408-chc-tb-chc-tampa-bay,tbr2026chc2,2026-04-07,"Chicago Fans Takeover Tampa Bay"
mlb20260410-pit-chc-pit-chicago,chc2026pit,2026-04-09,"Pittsburgh Fans Takeover Chicago"
mlb20260411-pit-chc-pit-chicago,chc2026pit1,2026-04-10,"Pittsburgh Fans Takeover Chicago"
mlb20260412-pit-chc-pit-chicago,chc2026pit2,2026-04-11,"Pittsburgh Fans Takeover Chicago"
mlb20260413-chc-phi-chc-philadelphia,phi2026chc,2026-04-12,"Chicago Fans Takeover Philadelphia"
mlb20260414-chc-phi-chc-philadelphia,phi2026chc1,2026-04-13,"Chicago Fans Takeover Philadelphia"
mlb20260415-chc-phi-chc-philadelphia,phi2026chc2,2026-04-14,"Chicago Fans Takeover Philadelphia"
mlb20260417-nym-chc-nym-chicago,chc2026nym,2026-04-16,"New York Fans Takeover Chicago"
mlb20260418-nym-chc-nym-chicago,chc2026nym1,2026-04-17,"New York Fans Takeover Chicago"
mlb20260419-nym-chc-nym-chicago,chc2026nym2,2026-04-18,"New York Fans Takeover Chicago"
mlb20260420-phi-chc-phi-chicago,chc2026phi,2026-04-19,"Philadelphia Fans Takeover Chicago"
mlb20260421-phi-chc-phi-chicago,chc2026phi1,2026-04-20,"Philadelphia Fans Takeover Chicago"
mlb20260422-phi-chc-phi-chicago,chc2026phi2,2026-04-21,"Philadelphia Fans Takeover Chicago"
mlb20260423-phi-chc-phi-chicago,chc2026phi3,2026-04-22,"Philadelphia Fans Takeover Chicago"
mlb20260424-chc-lad-chc-los-angeles,lad2026chc,2026-04-23,"Chicago Fans Takeover Los Angeles"
mlb20260425-chc-lad-chc-los-angeles,lad2026chc1,2026-04-24,"Chicago Fans Takeover Los Angeles"
mlb20260426-chc-lad-chc-los-angeles,lad2026chc2,2026-04-25,"Chicago Fans Takeover Los Angeles"
mlb20260427-chc-sd-chc-san-diego,sdp2026chc,2026-04-26,"Chicago Fans Takeover San Diego"
mlb20260428-chc-sd-chc-san-diego,sdp2026chc1,2026-04-27,"Chicago Fans Takeover San Diego"
mlb20260429-chc-sd-chc-san-diego,sdp2026chc2,2026-04-28,"Chicago Fans Takeover San Diego"
mlb20260501-ari-chc-ari-chicago,chc2026ari,2026-04-30,"Phoenix Fans Takeover Chicago"
mlb20260502-ari-chc-ari-chicago,chc2026ari1,2026-05-01,"Phoenix Fans Takeover Chicago"
mlb20260503-ari-chc-ari-chicago,chc2026ari2,2026-05-02,"Phoenix Fans Takeover Chicago"
mlb20260504-cin-chc-cin-chicago,chc2026cin1,2026-05-03,"Cincinnati Fans Takeover Chicago"
mlb20260505-cin-chc-cin-chicago,chc2026cin2,2026-05-04,"Cincinnati Fans Takeover Chicago"
mlb20260506-cin-chc-cin-chicago,chc2026cin3,2026-05-05,"Cincinnati Fans Takeover Chicago"
mlb20260507-cin-chc-cin-chicago,chc2026cin4,2026-05-06,"Cincinnati Fans Takeover Chicago"
mlb20260508-chc-tex-chc-dallas,tex2026chc,2026-05-07,"Chicago Fans Takeover Dallas"
mlb20260509-chc-tex-chc-dallas,tex2026chc1,2026-05-08,"Chicago Fans Takeover Dallas"
mlb20260510-chc-tex-chc-dallas,tex2026chc2,2026-05-09,"Chicago Fans Takeover Dallas"
mlb20260512-chc-atl-chc-atlanta,atl2026chc,2026-05-11,"Chicago Fans Takeover Atlanta"
mlb20260513-chc-atl-chc-atlanta,atl2026chc1,2026-05-12,"Chicago Fans Takeover Atlanta"
mlb20260514-chc-atl-chc-atlanta,atl2026chc2,2026-05-13,"Chicago Fans Takeover Atlanta"
63969,nor2026car,2026-05-14,"Carolina Fans Takeover New Orleans Too"
carolina-new-orleans,nor2026car1,2026-05-14,"Carolina Fans Takeover New Orleans"
mlb20260515-chc-cws-chc-chicago,chw2026chc,2026-05-14,"Chicago Fans Takeover Chicago"
mlb20260516-chc-cws-chc-chicago,chw2026chc1,2026-05-15,"Chicago Fans Takeover Chicago"
mlb20260517-chc-cws-chc-chicago,chw2026chc2,2026-05-16,"Chicago Fans Takeover Chicago"
mlb20260518-mil-chc-mil-chicago,chc2026mil1,2026-05-17,"Milwaukee Fans Takeover Chicago"
mlb20260519-mil-chc-mil-chicago,chc2026mil2,2026-05-18,"Milwaukee Fans Takeover Chicago"
mlb20260520-mil-chc-mil-chicago,chc2026mil3,2026-05-19,"Milwaukee Fans Takeover Chicago"
gbno,nor2026gnb,2026-05-21,"Green Bay Fans Takeover New Orleans"
mlb20260522-hou-chc-hou-chicago,chc2026hou,2026-05-21,"Houston Fans Takeover Chicago"
mlb20260523-hou-chc-hou-chicago,chc2026hou1,2026-05-22,"Houston Fans Takeover Chicago"
mlb20260524-hou-chc-hou-chicago,chc2026hou2,2026-05-23,"Houston Fans Takeover Chicago"
mlb20260525-chc-pit-chc-pittsburgh,pit2026chc,2026-05-24,"Chicago Fans Takeover Pittsburgh"
mlb20260526-chc-pit-chc-pittsburgh,pit2026chc1,2026-05-25,"Chicago Fans Takeover Pittsburgh"
mlb20260527-chc-pit-chc-pittsburgh,pit2026chc2,2026-05-26,"Chicago Fans Takeover Pittsburgh"
mlb20260528-chc-pit-chc-pittsburgh,pit2026chc3,2026-05-27,"Chicago Fans Takeover Pittsburgh"
mlb20260529-chc-stl-chc-st-louis,stl2026chc,2026-05-28,"Chicago Fans Takeover St. Louis"
mlb20260530-chc-stl-chc-st-louis,stl2026chc1,2026-05-29,"Chicago Fans Takeover St. Louis"
mlb20260531-chc-stl-chc-st-louis,stl2026chc2,2026-05-30,"Chicago Fans Takeover St. Louis"
mlb20260602-ath-chc-ath-chicago,chc2026ath,2026-06-01,"Sacramento Fans Takeover Chicago"
nolanyk2026bball,nyk2026nop,2026-06-01,"New Orleans Fans Takeover New York"
mlb20260603-ath-chc-ath-chicago,chc2026ath1,2026-06-02,"Sacramento Fans Takeover Chicago"
mlb20260604-ath-chc-ath-chicago,chc2026ath2,2026-06-03,"Sacramento Fans Takeover Chicago"
mlb20260605-sf-chc-sf-chicago,chc2026sfg,2026-06-04,"San Francisco Fans Takeover Chicago"
mlb20260606-sf-chc-sf-chicago,chc2026sfg1,2026-06-05,"San Francisco Fans Takeover Chicago"
tbno,nor2026tam,2026-06-05,"Tampa Bay Fans Takeover New Orleans"
mlb20260607-sf-chc-sf-chicago,chc2026sfg2,2026-06-06,"San Francisco Fans Takeover Chicago"
mlb20260609-chc-col-chc-denver,col2026chc,2026-06-08,"Chicago Fans Takeover Denver"
mlb20260610-chc-col-chc-denver,col2026chc1,2026-06-09,"Chicago Fans Takeover Denver"
mlb20260611-chc-col-chc-denver,col2026chc2,2026-06-10,"Chicago Fans Takeover Denver"
mlb20260612-chc-sf-chc-san-francisco,sfg2026chc,2026-06-11,"Chicago Fans Takeover San Francisco"
mlb20260613-chc-sf-chc-san-francisco,sfg2026chc1,2026-06-12,"Chicago Fans Takeover San Francisco"
mlb20260614-chc-sf-chc-san-francisco,sfg2026chc2,2026-06-13,"Chicago Fans Takeover San Francisco"
mlb20260615-col-chc-col-chicago,chc2026col,2026-06-14,"Denver Fans Takeover Chicago"
mlb20260616-col-chc-col-chicago,chc2026col1,2026-06-15,"Denver Fans Takeover Chicago"
mlb20260617-col-chc-col-chicago,chc2026col2,2026-06-16,"Denver Fans Takeover Chicago"
mlb20260619-tor-chc-tor-chicago,chc2026tor,2026-06-18,"Toronto Fans Takeover Chicago"
mlb20260620-tor-chc-tor-chicago,chc2026tor1,2026-06-19,"Toronto Fans Takeover Chicago"
mlb20260621-tor-chc-tor-chicago,chc2026tor2,2026-06-20,"Toronto Fans Takeover Chicago"
mlb20260622-chc-nym-chc-new-york,nym2026chc,2026-06-21,"Chicago Fans Takeover New York"
mlb20260623-chc-nym-chc-new-york,nym2026chc1,2026-06-22,"Chicago Fans Takeover New York"
mlb20260624-chc-nym-chc-new-york,nym2026chc2,2026-06-23,"Chicago Fans Takeover New York"
mlb20260625-chc-nym-chc-new-york,nym2026chc3,2026-06-24,"Chicago Fans Takeover New York"
minnno,nor2026min,2026-06-25,"Minnesota Fans Takeover New Orleans"
mlb20260626-chc-mil-chc-milwaukee,mil2026chc,2026-06-25,"Chicago Fans Takeover Milwaukee"
azno,nor2026ari,2026-06-26,"Arizona Fans Takeover New Orleans"
mlb20260627-chc-mil-chc-milwaukee,mil2026chc1,2026-06-26,"Chicago Fans Takeover Milwaukee"
mlb20260628-chc-mil-chc-milwaukee,mil2026chc2,2026-06-27,"Chicago Fans Takeover Milwaukee"
mlb20260629-sd-chc-sd-chicago,chc2026sdp,2026-06-28,"San Diego Fans Takeover Chicago"
mlb20260630-sd-chc-sd-chicago,chc2026sdp1,2026-06-29,"San Diego Fans Takeover Chicago"
mlb20260701-sd-chc-sd-chicago,chc2026sdp2,2026-06-30,"San Diego Fans Takeover Chicago"
mlb20260703-stl-chc-stl-chicago,chc2026stl,2026-07-02,"St. Louis Fans Takeover Chicago"
mlb20260704-stl-chc-stl-chicago,chc2026stl1,2026-07-03,"St. Louis Fans Takeover Chicago"
mlb20260705-stl-chc-stl-chicago,chc2026stl2,2026-07-04,"St. Louis Fans Takeover Chicago"
mlb20260707-chc-bal-chc-baltimore,bal2026chc,2026-07-06,"Chicago Fans Takeover Baltimore"
mlb20260708-chc-bal-chc-baltimore,bal2026chc1,2026-07-07,"Chicago Fans Takeover Baltimore"
mlb20260709-chc-bal-chc-baltimore,bal2026chc2,2026-07-08,"Chicago Fans Takeover Baltimore"
mlb20260710-chc-cin-chc-cincinnati,cin2026chc,2026-07-09,"Chicago Fans Takeover Cincinnati"
mlb20260711-chc-cin-chc-cincinnati,cin2026chc1,2026-07-10,"Chicago Fans Takeover Cincinnati"
mlb20260712-chc-cin-chc-cincinnati,cin2026chc2,2026-07-11,"Chicago Fans Takeover Cincinnati"
mlb20260717-min-chc-min-chicago,chc2026min,2026-07-16,"Minneapolis Fans Takeover Chicago"
mlb20260718-min-chc-min-chicago,chc2026min1,2026-07-17,"Minneapolis Fans Takeover Chicago"
mlb20260719-min-chc-min-chicago,chc2026min2,2026-07-18,"Minneapolis Fans Takeover Chicago"
mlb20260720-det-chc-det-chicago,chc2026det,2026-07-19,"Detroit Fans Takeover Chicago"
mlb20260721-det-chc-det-chicago,chc2026det1,2026-07-20,"Detroit Fans Takeover Chicago"
mlb20260722-det-chc-det-chicago,chc2026det2,2026-07-21,"Detroit Fans Takeover Chicago"
mlb20260724-chc-pit-chc-pittsburgh,pit2026chc4,2026-07-23,"Chicago Fans Takeover Pittsburgh"
mlb20260725-chc-pit-chc-pittsburgh,pit2026chc5,2026-07-24,"Chicago Fans Takeover Pittsburgh"
mlb20260726-chc-pit-chc-pittsburgh,pit2026chc6,2026-07-25,"Chicago Fans Takeover Pittsburgh"
mlb20260727-chc-stl-chc-st-louis,stl2026chc3,2026-07-26,"Chicago Fans Takeover St. Louis"
mlb20260728-chc-stl-chc-st-louis,stl2026chc4,2026-07-27,"Chicago Fans Takeover St. Louis"
mlb20260729-chc-stl-chc-st-louis,stl2026chc5,2026-07-28,"Chicago Fans Takeover St. Louis"
mlb20260730-chc-stl-chc-st-louis,stl2026chc6,2026-07-29,"Chicago Fans Takeover St. Louis"
mlb20260731-nyy-chc-nyy-chicago,chc2026nyy2,2026-07-30,"New York Fans Takeover Chicago"
mlb20260801-nyy-chc-nyy-chicago,chc2026nyy3,2026-07-31,"New York Fans Takeover Chicago"
mlb20260802-nyy-chc-nyy-chicago,chc2026nyy4,2026-08-01,"New York Fans Takeover Chicago"
mlb20260803-lad-chc-lad-chicago,chc2026lad1,2026-08-02,"Los Angeles Fans Takeover Chicago"
mlb20260804-lad-chc-lad-chicago,chc2026lad2,2026-08-03,"Los Angeles Fans Takeover Chicago"
mlb20260805-lad-chc-lad-chicago,chc2026lad3,2026-08-04,"Los Angeles Fans Takeover Chicago"
mlb20260807-chc-kc-chc-kansas-city,kcr2026chc,2026-08-06,"Chicago Fans Takeover Kansas City"
mlb20260808-chc-kc-chc-kansas-city,kcr2026chc1,2026-08-07,"Chicago Fans Takeover Kansas City"
mlb20260809-chc-kc-chc-kansas-city,kcr2026chc2,2026-08-08,"Chicago Fans Takeover Kansas City"
mlb20260811-chc-wsh-chc-washington,wsh2026chc,2026-08-10,"Chicago Fans Takeover Washington"
mlb20260812-chc-wsh-chc-washington,wsh2026chc1,2026-08-11,"Chicago Fans Takeover Washington"
mlb20260813-chc-wsh-chc-washington,wsh2026chc2,2026-08-12,"Chicago Fans Takeover Washington"
mlb20260814-stl-chc-stl-chicago,chc2026stl3,2026-08-13,"St. Louis Fans Takeover Chicago"
mlb20260815-stl-chc-stl-chicago,chc2026stl4,2026-08-14,"St. Louis Fans Takeover Chicago"
mlb20260816-stl-chc-stl-chicago,chc2026stl5,2026-08-15,"St. Louis Fans Takeover Chicago"
mlb20260817-cws-chc-cws-chicago,chc2026chw,2026-08-16,"Chicago Fans Takeover Chicago"
mlb20260818-cws-chc-cws-chicago,chc2026chw1,2026-08-17,"Chicago Fans Takeover Chicago"
mlb20260819-cws-chc-cws-chicago,chc2026chw2,2026-08-18,"Chicago Fans Takeover Chicago"
mlb20260821-chc-sea-chc-seattle,sea2026chc1,2026-08-20,"Chicago Fans Takeover Seattle"
mlb20260822-chc-sea-chc-seattle,sea2026chc2,2026-08-21,"Chicago Fans Takeover Seattle"
mlb20260823-chc-sea-chc-seattle,sea2026chc3,2026-08-22,"Chicago Fans Takeover Seattle"
mlb20260824-chc-ari-chc-phoenix,ari2026chc1,2026-08-23,"Chicago Fans Takeover Phoenix"
mlb20260825-chc-ari-chc-phoenix,ari2026chc2,2026-08-24,"Chicago Fans Takeover Phoenix"
mlb20260826-chc-ari-chc-phoenix,ari2026chc3,2026-08-25,"Chicago Fans Takeover Phoenix"
mlb20260828-cin-chc-cin-chicago,chc2026cin5,2026-08-27,"Cincinnati Fans Takeover Chicago"
mlb20260829-cin-chc-cin-chicago,chc2026cin6,2026-08-28,"Cincinnati Fans Takeover Chicago"
mlb20260830-cin-chc-cin-chicago,chc2026cin7,2026-08-29,"Cincinnati Fans Takeover Chicago"
mlb20260831-mil-chc-mil-chicago,chc2026mil4,2026-08-30,"Milwaukee Fans Takeover Chicago"
mlb20260901-mil-chc-mil-chicago,chc2026mil5,2026-08-31,"Milwaukee Fans Takeover Chicago"
mlb20260902-mil-chc-mil-chicago,chc2026mil6,2026-09-01,"Milwaukee Fans Takeover Chicago"
mlb20260903-mil-chc-mil-chicago,chc2026mil7,2026-09-02,"Milwaukee Fans Takeover Chicago"
mlb20260904-chc-mia-chc-miami,mia2026chc,2026-09-03,"Chicago Fans Takeover Miami"
mlb20260905-chc-mia-chc-miami,mia2026chc1,2026-09-04,"Chicago Fans Takeover Miami"
mlb20260906-chc-mia-chc-miami,mia2026chc2,2026-09-05,"Chicago Fans Takeover Miami"
mlb20260907-chc-mil-chc-milwaukee,mil2026chc3,2026-09-06,"Chicago Fans Takeover Milwaukee"
mlb20260908-chc-mil-chc-milwaukee,mil2026chc4,2026-09-07,"Chicago Fans Takeover Milwaukee"
mlb20260909-chc-mil-chc-milwaukee,mil2026chc5,2026-09-08,"Chicago Fans Takeover Milwaukee"
nfl2026-20260909-ne-sea-ne-seattle,sea2026nwe,2026-09-08,"New England Fans Takeover Seattle"
mlb20260911-pit-chc-pit-chicago,chc2026pit3,2026-09-10,"Pittsburgh Fans Takeover Chicago"
nfl2026-20260911-sf-lar-lar-melbourne,lar2026sfo,2026-09-10,"Los Angeles Fans Takeover Melbourne"
nfl2026-20260911-sf-lar-sf-melbourne,lar2026sfo1,2026-09-10,"San Francisco Fans Takeover Melbourne"
mlb20260912-pit-chc-pit-chicago,chc2026pit4,2026-09-11,"Pittsburgh Fans Takeover Chicago"
mlb20260913-pit-chc-pit-chicago,chc2026pit5,2026-09-12,"Pittsburgh Fans Takeover Chicago"
nfl2026-20260913-ari-lac-ari-los-angeles,lac2026ari,2026-09-12,"Arizona Fans Takeover Los Angeles"
nfl2026-20260913-atl-pit-atl-pittsburgh,pit2026atl,2026-09-12,"Atlanta Fans Takeover Pittsburgh"
nfl2026-20260913-bal-ind-bal-indianapolis,ind2026bal,2026-09-12,"Baltimore Fans Takeover Indianapolis"
nfl2026-20260913-buf-hou-buf-houston,hou2026buf,2026-09-12,"Buffalo Fans Takeover Houston"
nfl2026-20260913-chi-car-chi-carolina,car2026chi,2026-09-12,"Chicago Fans Takeover Carolina"
nfl2026-20260913-cle-jax-cle-jacksonville,jax2026cle,2026-09-12,"Cleveland Fans Takeover Jacksonville"
nfl2026-20260913-dal-nyg-dal-new-york,nyg2026dal,2026-09-12,"Dallas Fans Takeover New York"
nfl2026-20260913-gb-min-gb-minnesota,min2026gnb,2026-09-12,"Green Bay Fans Takeover Minnesota"
nfl2026-20260913-mia-lv-mia-las-vegas,lvr2026mia,2026-09-12,"Miami Fans Takeover Las Vegas"
nfl2026-20260913-no-det-no-detroit,det2026nor,2026-09-12,"New Orleans Fans Takeover Detroit"
nfl2026-20260913-nyj-ten-nyj-tennessee,ten2026nyj,2026-09-12,"New York Fans Takeover Tennessee"
nfl2026-20260913-tb-cin-tb-cincinnati,cin2026tam,2026-09-12,"Tampa Bay Fans Takeover Cincinnati"
nfl2026-20260913-wsh-phi-wsh-philadelphia,phi2026wsh,2026-09-12,"Washington, D.C. Fans Takeover Philadelphia"
mlb20260914-atl-chc-atl-chicago,chc2026atl,2026-09-13,"Atlanta Fans Takeover Chicago"
nfl2026-20260914-den-kc-den-kansas-city,kan2026den,2026-09-13,"Denver Fans Takeover Kansas City"
mlb20260915-atl-chc-atl-chicago,chc2026atl1,2026-09-14,"Atlanta Fans Takeover Chicago"
mlb20260916-atl-chc-atl-chicago,chc2026atl2,2026-09-15,"Atlanta Fans Takeover Chicago"
nfl2026-20260917-det-buf-det-buffalo,buf2026det,2026-09-16,"Detroit Fans Takeover Buffalo"
mlb20260918-chc-cin-chc-cincinnati,cin2026chc3,2026-09-17,"Chicago Fans Takeover Cincinnati"
mlb20260919-chc-cin-chc-cincinnati,cin2026chc4,2026-09-18,"Chicago Fans Takeover Cincinnati"
mlb20260920-chc-cin-chc-cincinnati,cin2026chc5,2026-09-19,"Chicago Fans Takeover Cincinnati"
nfl2026-20260920-car-atl-car-atlanta,atl2026car,2026-09-19,"Carolina Fans Takeover Atlanta"
nfl2026-20260920-cin-hou-cin-houston,hou2026cin,2026-09-19,"Cincinnati Fans Takeover Houston"
nfl2026-20260920-cle-tb-cle-tampa-bay,tam2026cle,2026-09-19,"Cleveland Fans Takeover Tampa Bay"
nfl2026-20260920-gb-nyj-gb-new-york,nyj2026gnb,2026-09-19,"Green Bay Fans Takeover New York"
nfl2026-20260920-ind-kc-ind-kansas-city,kan2026ind,2026-09-19,"Indianapolis Fans Takeover Kansas City"
nfl2026-20260920-jax-den-jax-denver,den2026jax,2026-09-19,"Jacksonville Fans Takeover Denver"
nfl2026-20260920-lv-lac-lv-los-angeles,lac2026lvr,2026-09-19,"Las Vegas Fans Takeover Los Angeles"
nfl2026-20260920-mia-sf-mia-san-francisco,sfo2026mia,2026-09-19,"Miami Fans Takeover San Francisco"
nfl2026-20260920-min-chi-min-chicago,chi2026min,2026-09-19,"Minnesota Fans Takeover Chicago"
nfl2026-20260920-no-bal-no-baltimore,bal2026nor,2026-09-19,"New Orleans Fans Takeover Baltimore"
nfl2026-20260920-phi-ten-phi-tennessee,ten2026phi,2026-09-19,"Philadelphia Fans Takeover Tennessee"
nfl2026-20260920-pit-ne-pit-new-england,nwe2026pit,2026-09-19,"Pittsburgh Fans Takeover New England"
nfl2026-20260920-sea-ari-sea-arizona,ari2026sea,2026-09-19,"Seattle Fans Takeover Arizona"
nfl2026-20260920-wsh-dal-wsh-dallas,dal2026wsh,2026-09-19,"Washington, D.C. Fans Takeover Dallas"
nfl2026-20260921-nyg-lar-nyg-los-angeles,lar2026nyg,2026-09-20,"New York Fans Takeover Los Angeles"
mlb20260922-mia-chc-mia-chicago,chc2026mia,2026-09-21,"Miami Fans Takeover Chicago"
mlb20260923-mia-chc-mia-chicago,chc2026mia1,2026-09-22,"Miami Fans Takeover Chicago"
mlb20260924-mia-chc-mia-chicago,chc2026mia2,2026-09-23,"Miami Fans Takeover Chicago"
nfl2026-20260924-atl-gb-atl-green-bay,gnb2026atl,2026-09-23,"Atlanta Fans Takeover Green Bay"
mlb20260925-chc-bos-chc-boston,bos2026chc,2026-09-24,"Chicago Fans Takeover Boston"
mlb20260926-chc-bos-chc-boston,bos2026chc1,2026-09-25,"Chicago Fans Takeover Boston"
mlb20260927-chc-bos-chc-boston,bos2026chc2,2026-09-26,"Chicago Fans Takeover Boston"
nfl2026-20260927-ari-sf-ari-san-francisco,sfo2026ari,2026-09-26,"Arizona Fans Takeover San Francisco"
nfl2026-20260927-bal-dal-bal-rio-de-janeiro,dal2026bal,2026-09-26,"Baltimore Fans Takeover Rio de Janeiro"
nfl2026-20260927-bal-dal-dal-rio-de-janeiro,dal2026bal1,2026-09-26,"Dallas Fans Takeover Rio de Janeiro"
nfl2026-20260927-car-cle-car-cleveland,cle2026car,2026-09-26,"Carolina Fans Takeover Cleveland"
nfl2026-20260927-cin-pit-cin-pittsburgh,pit2026cin,2026-09-26,"Cincinnati Fans Takeover Pittsburgh"
nfl2026-20260927-hou-ind-hou-indianapolis,ind2026hou,2026-09-26,"Houston Fans Takeover Indianapolis"
nfl2026-20260927-kc-mia-kc-miami,mia2026kan,2026-09-26,"Kansas City Fans Takeover Miami"
nfl2026-20260927-lac-buf-lac-buffalo,buf2026lac,2026-09-26,"Los Angeles Fans Takeover Buffalo"
nfl2026-20260927-lar-den-lar-denver,den2026lar,2026-09-26,"Los Angeles Fans Takeover Denver"
nfl2026-20260927-min-tb-min-tampa-bay,tam2026min,2026-09-26,"Minnesota Fans Takeover Tampa Bay"
nfl2026-20260927-ne-jax-ne-jacksonville,jax2026nwe,2026-09-26,"New England Fans Takeover Jacksonville"
nfl2026-20260927-nyj-det-nyj-detroit,det2026nyj,2026-09-26,"New York Fans Takeover Detroit"
nfl2026-20260927-sea-wsh-sea-washington,wsh2026sea,2026-09-26,"Seattle Fans Takeover Washington, D.C."
nfl2026-20260927-ten-nyg-ten-new-york,nyg2026ten,2026-09-26,"Tennessee Fans Takeover New York"
nfl2026-20260928-phi-chi-phi-chicago,chi2026phi,2026-09-27,"Philadelphia Fans Takeover Chicago"
nfl2026-20261001-pit-cle-pit-cleveland,cle2026pit,2026-09-30,"Pittsburgh Fans Takeover Cleveland"
nfl2026-20261004-ari-nyg-ari-new-york,nyg2026ari,2026-10-03,"Arizona Fans Takeover New York"
nfl2026-20261004-dal-hou-dal-houston,hou2026dal,2026-10-03,"Dallas Fans Takeover Houston"
nfl2026-20261004-den-sf-den-san-francisco,sfo2026den,2026-10-03,"Denver Fans Takeover San Francisco"
nfl2026-20261004-det-car-det-carolina,car2026det,2026-10-03,"Detroit Fans Takeover Carolina"
nfl2026-20261004-gb-tb-gb-tampa-bay,tam2026gnb,2026-10-03,"Green Bay Fans Takeover Tampa Bay"
nfl2026-20261004-ind-wsh-ind-london,wsh2026ind,2026-10-03,"Indianapolis Fans Takeover London"
nfl2026-20261004-ind-wsh-wsh-london,wsh2026ind1,2026-10-03,"Washington, D.C. Fans Takeover London"
nfl2026-20261004-jax-cin-jax-cincinnati,cin2026jax,2026-10-03,"Jacksonville Fans Takeover Cincinnati"
nfl2026-20261004-kc-lv-kc-las-vegas,lvr2026kan,2026-10-03,"Kansas City Fans Takeover Las Vegas"
nfl2026-20261004-lac-sea-lac-seattle,sea2026lac,2026-10-03,"Los Angeles Fans Takeover Seattle"
nfl2026-20261004-lar-phi-lar-philadelphia,phi2026lar,2026-10-03,"Los Angeles Fans Takeover Philadelphia"
nfl2026-20261004-mia-min-mia-minnesota,min2026mia,2026-10-03,"Miami Fans Takeover Minnesota"
nfl2026-20261004-ne-buf-ne-buffalo,buf2026nwe,2026-10-03,"New England Fans Takeover Buffalo"
nfl2026-20261004-nyj-chi-nyj-chicago,chi2026nyj,2026-10-03,"New York Fans Takeover Chicago"
nfl2026-20261004-ten-bal-ten-baltimore,bal2026ten,2026-10-03,"Tennessee Fans Takeover Baltimore"
nfl2026-20261008-tb-dal-tb-dallas,dal2026tam,2026-10-07,"Tampa Bay Fans Takeover Dallas"
nfl2026-20261011-bal-atl-bal-atlanta,atl2026bal,2026-10-10,"Baltimore Fans Takeover Atlanta"
nfl2026-20261011-chi-gb-chi-green-bay,gnb2026chi,2026-10-10,"Chicago Fans Takeover Green Bay"
nfl2026-20261011-cin-mia-cin-miami,mia2026cin,2026-10-10,"Cincinnati Fans Takeover Miami"
nfl2026-20261011-cle-nyj-cle-new-york,nyj2026cle,2026-10-10,"Cleveland Fans Takeover New York"
nfl2026-20261011-den-lac-den-los-angeles,lac2026den,2026-10-10,"Denver Fans Takeover Los Angeles"
nfl2026-20261011-det-ari-det-arizona,ari2026det,2026-10-10,"Detroit Fans Takeover Arizona"
nfl2026-20261011-hou-ten-hou-tennessee,ten2026hou,2026-10-10,"Houston Fans Takeover Tennessee"
nfl2026-20261011-ind-pit-ind-pittsburgh,pit2026ind,2026-10-10,"Indianapolis Fans Takeover Pittsburgh"
nfl2026-20261011-lv-ne-lv-new-england,nwe2026lvr,2026-10-10,"Las Vegas Fans Takeover New England"
nfl2026-20261011-nyg-wsh-nyg-washington,wsh2026nyg,2026-10-10,"New York Fans Takeover Washington, D.C."
nfl2026-20261011-phi-jax-jax-london,jax2026phi,2026-10-10,"Jacksonville Fans Takeover London"
nfl2026-20261011-phi-jax-phi-london,jax2026phi1,2026-10-10,"Philadelphia Fans Takeover London"
nfl2026-20261011-sf-sea-sf-seattle,sea2026sfo,2026-10-10,"San Francisco Fans Takeover Seattle"
nfl2026-20261012-buf-lar-buf-los-angeles,lar2026buf,2026-10-11,"Buffalo Fans Takeover Los Angeles"
nfl2026-20261015-sea-den-sea-denver,den2026sea,2026-10-14,"Seattle Fans Takeover Denver"
nfl2026-20261018-bal-cle-bal-cleveland,cle2026bal,2026-10-17,"Baltimore Fans Takeover Cleveland"
nfl2026-20261018-buf-lv-buf-las-vegas,lvr2026buf,2026-10-17,"Buffalo Fans Takeover Las Vegas"
nfl2026-20261018-car-phi-car-philadelphia,phi2026car,2026-10-17,"Carolina Fans Takeover Philadelphia"
nfl2026-20261018-chi-atl-chi-atlanta,atl2026chi,2026-10-17,"Chicago Fans Takeover Atlanta"
nfl2026-20261018-dal-gb-dal-green-bay,gnb2026dal,2026-10-17,"Dallas Fans Takeover Green Bay"
nfl2026-20261018-hou-jax-hou-london,jax2026hou,2026-10-17,"Houston Fans Takeover London"
nfl2026-20261018-lac-kc-lac-kansas-city,kan2026lac,2026-10-17,"Los Angeles Fans Takeover Kansas City"
nfl2026-20261018-no-nyg-no-new-york,nyg2026nor,2026-10-17,"New Orleans Fans Takeover New York"
nfl2026-20261018-nyj-ne-nyj-new-england,nwe2026nyj,2026-10-17,"New York Fans Takeover New England"
nfl2026-20261018-pit-tb-pit-tampa-bay,tam2026pit,2026-10-17,"Pittsburgh Fans Takeover Tampa Bay"
nfl2026-20261018-ten-ind-ten-indianapolis,ind2026ten,2026-10-17,"Tennessee Fans Takeover Indianapolis"
nfl2026-20261019-wsh-sf-wsh-san-francisco,sfo2026wsh,2026-10-18,"Washington, D.C. Fans Takeover San Francisco"
nfl2026-20261022-ne-chi-ne-chicago,chi2026nwe,2026-10-21,"New England Fans Takeover Chicago"
nfl2026-20261025-cin-bal-cin-baltimore,bal2026cin,2026-10-24,"Cincinnati Fans Takeover Baltimore"
nfl2026-20261025-cle-ten-cle-tennessee,ten2026cle,2026-10-24,"Cleveland Fans Takeover Tennessee"
nfl2026-20261025-den-ari-den-arizona,ari2026den,2026-10-24,"Denver Fans Takeover Arizona"
nfl2026-20261025-gb-det-gb-detroit,det2026gnb,2026-10-24,"Green Bay Fans Takeover Detroit"
nfl2026-20261025-ind-min-ind-minnesota,min2026ind,2026-10-24,"Indianapolis Fans Takeover Minnesota"
nfl2026-20261025-kc-sea-kc-seattle,sea2026kan,2026-10-24,"Kansas City Fans Takeover Seattle"
nfl2026-20261025-lar-lv-lar-las-vegas,lvr2026lar,2026-10-24,"Los Angeles Fans Takeover Las Vegas"
nfl2026-20261025-mia-nyj-mia-new-york,nyj2026mia,2026-10-24,"Miami Fans Takeover New York"
nfl2026-20261025-nyg-hou-nyg-houston,hou2026nyg,2026-10-24,"New York Fans Takeover Houston"
nfl2026-20261025-pit-no-no-saint-denis,nor2026pit,2026-10-24,"New Orleans Fans Takeover Saint-Denis"
nfl2026-20261025-pit-no-pit-saint-denis,nor2026pit1,2026-10-24,"Pittsburgh Fans Takeover Saint-Denis"
nfl2026-20261025-sf-atl-sf-atlanta,atl2026sfo,2026-10-24,"San Francisco Fans Takeover Atlanta"
nfl2026-20261025-tb-car-tb-carolina,car2026tam,2026-10-24,"Tampa Bay Fans Takeover Carolina"
nfl2026-20261026-dal-phi-dal-philadelphia,phi2026dal,2026-10-25,"Dallas Fans Takeover Philadelphia"
nfl2026-20261029-car-gb-car-green-bay,gnb2026car,2026-10-28,"Carolina Fans Takeover Green Bay"
2026phiatwas,wsh2026phi,2026-10-31,"Philadelphia Fans Takeover Washington, D.C."
nfl2026-20261101-ari-dal-ari-dallas,dal2026ari,2026-10-31,"Arizona Fans Takeover Dallas"
nfl2026-20261101-atl-tb-atl-tampa-bay,tam2026atl,2026-10-31,"Atlanta Fans Takeover Tampa Bay"
nfl2026-20261101-bal-buf-bal-buffalo,buf2026bal,2026-10-31,"Baltimore Fans Takeover Buffalo"
nfl2026-20261101-cle-pit-cle-pittsburgh,pit2026cle,2026-10-31,"Cleveland Fans Takeover Pittsburgh"
nfl2026-20261101-ind-jax-ind-jacksonville,jax2026ind,2026-10-31,"Indianapolis Fans Takeover Jacksonville"
nfl2026-20261101-kc-den-kc-denver,den2026kan,2026-10-31,"Kansas City Fans Takeover Denver"
nfl2026-20261101-lac-lar-lac-los-angeles,lar2026lac,2026-10-31,"Los Angeles Fans Takeover Los Angeles?!"
nfl2026-20261101-lv-nyj-lv-new-york,nyj2026lvr,2026-10-31,"Las Vegas Fans Takeover New York"
nfl2026-20261101-min-det-min-detroit,det2026min,2026-10-31,"Minnesota Fans Takeover Detroit"
nfl2026-20261101-ne-mia-ne-miami,mia2026nwe,2026-10-31,"New England Fans Takeover Miami"
nfl2026-20261101-phi-wsh-phi-washington,wsh2026phi1,2026-10-31,"Philadelphia Fans Takeover Washington"
nfl2026-20261101-ten-cin-ten-cincinnati,cin2026ten,2026-10-31,"Tennessee Fans Takeover Cincinnati"
nfl2026-20261102-chi-sea-chi-seattle,sea2026chi,2026-11-01,"Chicago Fans Takeover Seattle"
nfl2026-20261105-jax-bal-jax-baltimore,bal2026jax,2026-11-04,"Jacksonville Fans Takeover Baltimore"
nfl2026-20261108-ari-sea-ari-seattle,sea2026ari,2026-11-07,"Arizona Fans Takeover Seattle"
nfl2026-20261108-cin-atl-atl-madrid,atl2026cin,2026-11-07,"Atlanta Fans Takeover Madrid"
nfl2026-20261108-cin-atl-cin-atlanta,atl2026cin1,2026-11-07,"Cincinnati Fans Takeover Atlanta"
nfl2026-20261108-cin-atl-cin-madrid,atl2026cin2,2026-11-07,"Cincinnati Fans Takeover Madrid"
nfl2026-20261108-cle-no-cle-new-orleans,nor2026cle,2026-11-07,"Cleveland Fans Takeover New Orleans"
nfl2026-20261108-dal-ind-dal-indianapolis,ind2026dal,2026-11-07,"Dallas Fans Takeover Indianapolis"
nfl2026-20261108-den-car-den-carolina,car2026den,2026-11-07,"Denver Fans Takeover Carolina"
nfl2026-20261108-det-mia-det-miami,mia2026det,2026-11-07,"Detroit Fans Takeover Miami"
nfl2026-20261108-gb-ne-gb-new-england,nwe2026gnb,2026-11-07,"Green Bay Fans Takeover New England"
nfl2026-20261108-hou-lac-hou-los-angeles,lac2026hou,2026-11-07,"Houston Fans Takeover Los Angeles"
nfl2026-20261108-lar-wsh-lar-washington,wsh2026lar,2026-11-07,"Los Angeles Fans Takeover Washington, D.C."
nfl2026-20261108-lv-sf-lv-san-francisco,sfo2026lvr,2026-11-07,"Las Vegas Fans Takeover San Francisco"
nfl2026-20261108-nyg-phi-nyg-philadelphia,phi2026nyg,2026-11-07,"New York Fans Takeover Philadelphia"
nfl2026-20261108-nyj-kc-nyj-kansas-city,kan2026nyj,2026-11-07,"New York Fans Takeover Kansas City"
nfl2026-20261108-tb-chi-tb-chicago,chi2026tam,2026-11-07,"Tampa Bay Fans Takeover Chicago"
nfl2026-20261109-buf-min-buf-minnesota,min2026buf,2026-11-08,"Buffalo Fans Takeover Minnesota"
nfl2026-20261112-wsh-nyg-wsh-new-york,nyg2026wsh,2026-11-11,"Washington, D.C. Fans Takeover New York"
nfl2026-20261115-buf-nyj-buf-new-york,nyj2026buf,2026-11-14,"Buffalo Fans Takeover New York"
nfl2026-20261115-hou-cle-hou-cleveland,cle2026hou,2026-11-14,"Houston Fans Takeover Cleveland"
nfl2026-20261115-jax-ten-jax-tennessee,ten2026jax,2026-11-14,"Jacksonville Fans Takeover Tennessee"
nfl2026-20261115-kc-atl-kc-atlanta,atl2026kan,2026-11-14,"Kansas City Fans Takeover Atlanta"
nfl2026-20261115-lar-ari-lar-arizona,ari2026lar,2026-11-14,"Los Angeles Fans Takeover Arizona"
nfl2026-20261115-mia-ind-mia-indianapolis,ind2026mia,2026-11-14,"Miami Fans Takeover Indianapolis"
nfl2026-20261115-min-gb-min-green-bay,gnb2026min,2026-11-14,"Minnesota Fans Takeover Green Bay"
nfl2026-20261115-ne-det-det-munich,det2026nwe,2026-11-14,"Detroit Fans Takeover Munich"
nfl2026-20261115-ne-det-ne-munich,det2026nwe1,2026-11-14,"New England Fans Takeover Munich"
nfl2026-20261115-pit-cin-pit-cincinnati,cin2026pit,2026-11-14,"Pittsburgh Fans Takeover Cincinnati"
nfl2026-20261115-sea-lv-sea-las-vegas,lvr2026sea,2026-11-14,"Seattle Fans Takeover Las Vegas"
nfl2026-20261115-sf-dal-sf-dallas,dal2026sfo,2026-11-14,"San Francisco Fans Takeover Dallas"
nfl2026-20261116-lac-bal-lac-baltimore,bal2026lac,2026-11-15,"Los Angeles Fans Takeover Baltimore"
nfl2026-20261119-ind-hou-ind-houston,hou2026ind,2026-11-18,"Indianapolis Fans Takeover Houston"
nfl2026-20261122-ari-kc-ari-kansas-city,kan2026ari,2026-11-21,"Arizona Fans Takeover Kansas City"
nfl2026-20261122-bal-car-bal-carolina,car2026bal,2026-11-21,"Baltimore Fans Takeover Carolina"
nfl2026-20261122-jax-nyg-jax-new-york,nyg2026jax,2026-11-21,"Jacksonville Fans Takeover New York"
nfl2026-20261122-lv-den-lv-denver,den2026lvr,2026-11-21,"Las Vegas Fans Takeover Denver"
nfl2026-20261122-mia-buf-mia-buffalo,buf2026mia,2026-11-21,"Miami Fans Takeover Buffalo"
nfl2026-20261122-min-sf-min-mexico-city,sfo2026min,2026-11-21,"Minnesota Fans Takeover Mexico City"
nfl2026-20261122-min-sf-sf-mexico-city,sfo2026min1,2026-11-21,"San Francisco Fans Takeover Mexico City"
nfl2026-20261122-no-chi-no-chicago,chi2026nor,2026-11-21,"New Orleans Fans Takeover Chicago"
nfl2026-20261122-pit-phi-pit-philadelphia,phi2026pit,2026-11-21,"Pittsburgh Fans Takeover Philadelphia"
nfl2026-20261122-tb-det-tb-detroit,det2026tam,2026-11-21,"Tampa Bay Fans Takeover Detroit"
nfl2026-20261122-ten-dal-ten-dallas,dal2026ten,2026-11-21,"Tennessee Fans Takeover Dallas"
nfl2026-20261123-cin-wsh-cin-washington,wsh2026cin,2026-11-22,"Cincinnati Fans Takeover Washington, D.C."
nfl2026-20261125-gb-lar-gb-los-angeles,lar2026gnb,2026-11-24,"Green Bay Fans Takeover Los Angeles"
nfl2026-20261126-chi-det-chi-detroit,det2026chi,2026-11-25,"Chicago Fans Takeover Detroit"
nfl2026-20261126-kc-buf-kc-buffalo,buf2026kan,2026-11-25,"Kansas City Fans Takeover Buffalo"
nfl2026-20261126-phi-dal-phi-dallas,dal2026phi,2026-11-25,"Philadelphia Fans Takeover Dallas"
nfl2026-20261127-den-pit-den-pittsburgh,pit2026den,2026-11-26,"Denver Fans Takeover Pittsburgh"
nfl2026-20261129-atl-min-atl-minnesota,min2026atl,2026-11-28,"Atlanta Fans Takeover Minnesota"
nfl2026-20261129-bal-hou-bal-houston,hou2026bal,2026-11-28,"Baltimore Fans Takeover Houston"
nfl2026-20261129-lv-cle-lv-cleveland,cle2026lvr,2026-11-28,"Las Vegas Fans Takeover Cleveland"
nfl2026-20261129-ne-lac-ne-los-angeles,lac2026nwe,2026-11-28,"New England Fans Takeover Los Angeles"
nfl2026-20261129-no-cin-no-cincinnati,cin2026nor,2026-11-28,"New Orleans Fans Takeover Cincinnati"
nfl2026-20261129-nyg-ind-nyg-indianapolis,ind2026nyg,2026-11-28,"New York Fans Takeover Indianapolis"
nfl2026-20261129-nyj-mia-nyj-miami,mia2026nyj,2026-11-28,"New York Fans Takeover Miami"
nfl2026-20261129-sea-sf-sea-san-francisco,sfo2026sea,2026-11-28,"Seattle Fans Takeover San Francisco"
nfl2026-20261129-ten-jax-ten-jacksonville,jax2026ten,2026-11-28,"Tennessee Fans Takeover Jacksonville"
nfl2026-20261129-wsh-ari-wsh-arizona,ari2026wsh,2026-11-28,"Washington, D.C. Fans Takeover Arizona"
nfl2026-20261130-car-tb-car-tampa-bay,tam2026car,2026-11-29,"Carolina Fans Takeover Tampa Bay"
nfl2026-20261203-kc-lar-kc-los-angeles,lar2026kan,2026-12-02,"Kansas City Fans Takeover Los Angeles"
nfl2026-20261206-buf-ne-buf-new-england,nwe2026buf,2026-12-05,"Buffalo Fans Takeover New England"
nfl2026-20261206-car-min-car-minnesota,min2026car,2026-12-05,"Carolina Fans Takeover Minnesota"
nfl2026-20261206-cin-cle-cin-cleveland,cle2026cin,2026-12-05,"Cincinnati Fans Takeover Cleveland"
nfl2026-20261206-det-atl-det-atlanta,atl2026det,2026-12-05,"Detroit Fans Takeover Atlanta"
nfl2026-20261206-hou-pit-hou-pittsburgh,pit2026hou,2026-12-05,"Houston Fans Takeover Pittsburgh"
nfl2026-20261206-jax-chi-jax-chicago,chi2026jax,2026-12-05,"Jacksonville Fans Takeover Chicago"
nfl2026-20261206-lac-tb-lac-tampa-bay,tam2026lac,2026-12-05,"Los Angeles Fans Takeover Tampa Bay"
nfl2026-20261206-mia-den-mia-denver,den2026mia,2026-12-05,"Miami Fans Takeover Denver"
nfl2026-20261206-phi-ari-phi-arizona,ari2026phi,2026-12-05,"Philadelphia Fans Takeover Arizona"
nfl2026-20261206-sf-nyg-sf-new-york,nyg2026sfo,2026-12-05,"San Francisco Fans Takeover New York"
nfl2026-20261206-wsh-ten-wsh-tennessee,ten2026wsh,2026-12-05,"Washington, D.C. Fans Takeover Tennessee"
nfl2026-20261207-dal-sea-dal-seattle,sea2026dal,2026-12-06,"Dallas Fans Takeover Seattle"
nfl2026-20261210-min-ne-min-new-england,nwe2026min,2026-12-09,"Minnesota Fans Takeover New England"
nfl2026-20261213-atl-cle-atl-cleveland,cle2026atl,2026-12-12,"Atlanta Fans Takeover Cleveland"
nfl2026-20261213-buf-gb-buf-green-bay,gnb2026buf,2026-12-12,"Buffalo Fans Takeover Green Bay"
nfl2026-20261213-chi-mia-chi-miami,mia2026chi,2026-12-12,"Chicago Fans Takeover Miami"
nfl2026-20261213-den-nyj-den-new-york,nyj2026den,2026-12-12,"Denver Fans Takeover New York"
nfl2026-20261213-hou-wsh-hou-washington,wsh2026hou,2026-12-12,"Houston Fans Takeover Washington, D.C."
nfl2026-20261213-ind-phi-ind-philadelphia,phi2026ind,2026-12-12,"Indianapolis Fans Takeover Philadelphia"
nfl2026-20261213-kc-cin-kc-cincinnati,cin2026kan,2026-12-12,"Kansas City Fans Takeover Cincinnati"
nfl2026-20261213-lar-sf-lar-san-francisco,sfo2026lar,2026-12-12,"Los Angeles Fans Takeover San Francisco"
nfl2026-20261213-no-car-no-carolina,car2026nor,2026-12-12,"New Orleans Fans Takeover Charlotte"
nfl2026-20261213-nyg-sea-nyg-seattle,sea2026nyg,2026-12-12,"New York Fans Takeover Seattle"
nfl2026-20261213-tb-bal-tb-baltimore,bal2026tam,2026-12-12,"Tampa Bay Fans Takeover Baltimore"
nfl2026-20261213-ten-det-ten-detroit,det2026ten,2026-12-12,"Tennessee Fans Takeover Detroit"
nfl2026-20261214-pit-jax-pit-jacksonville,jax2026pit,2026-12-13,"Pittsburgh Fans Takeover Jacksonville"
nfl2026-20261217-sf-lac-sf-los-angeles,lac2026sfo,2026-12-16,"San Francisco Fans Takeover Los Angeles"
nfl2026-20261219-chi-buf-chi-buffalo,buf2026chi,2026-12-18,"Chicago Fans Takeover Buffalo"
nfl2026-20261219-sea-phi-sea-philadelphia,phi2026sea,2026-12-18,"Seattle Fans Takeover Philadelphia"
nfl2026-20261220-atl-wsh-atl-washington,wsh2026atl,2026-12-19,"Atlanta Fans Takeover Washington, D.C."
nfl2026-20261220-bal-pit-bal-pittsburgh,pit2026bal,2026-12-19,"Baltimore Fans Takeover Pittsburgh"
nfl2026-20261220-cin-car-cin-carolina,car2026cin,2026-12-19,"Cincinnati Fans Takeover Carolina"
nfl2026-20261220-cle-nyg-cle-new-york,nyg2026cle,2026-12-19,"Cleveland Fans Takeover New York"
nfl2026-20261220-dal-lar-dal-los-angeles,lar2026dal,2026-12-19,"Dallas Fans Takeover Los Angeles"
nfl2026-20261220-den-lv-den-las-vegas,lvr2026den,2026-12-19,"Denver Fans Takeover Las Vegas"
nfl2026-20261220-det-min-det-minnesota,min2026det,2026-12-19,"Detroit Fans Takeover Minnesota"
nfl2026-20261220-ind-ten-ind-tennessee,ten2026ind,2026-12-19,"Indianapolis Fans Takeover Tennessee"
nfl2026-20261220-jax-hou-jax-houston,hou2026jax,2026-12-19,"Jacksonville Fans Takeover Houston"
nfl2026-20261220-mia-gb-mia-green-bay,gnb2026mia,2026-12-19,"Miami Fans Takeover Green Bay"
nfl2026-20261220-no-tb-no-tampa-bay,tam2026nor,2026-12-19,"New Orleans Fans Takeover Tampa Bay"
nfl2026-20261220-nyj-ari-nyj-arizona,ari2026nyj,2026-12-19,"New York Fans Takeover Arizona"
nfl2026-20261221-ne-kc-ne-kansas-city,kan2026nwe,2026-12-20,"New England Fans Takeover Kansas City"
nfl2026-20261224-hou-phi-hou-philadelphia,phi2026hou,2026-12-23,"Houston Fans Takeover Philadelphia"
nfl2026-20261226-wsh-min-wsh-minnesota,min2026wsh,2026-12-23,"Washington, D.C. Fans Takeover Minnesota"
nfl2026-20261225-buf-den-buf-denver,den2026buf,2026-12-24,"Buffalo Fans Takeover Denver"
nfl2026-20261225-gb-chi-gb-chicago,chi2026gnb,2026-12-24,"Green Bay Fans Takeover Chicago"
nfl2026-20261227-car-pit-car-pittsburgh,pit2026car,2026-12-26,"Carolina Fans Takeover Pittsburgh"
nfl2026-20261227-cin-ind-cin-indianapolis,ind2026cin,2026-12-26,"Cincinnati Fans Takeover Indianapolis"
nfl2026-20261227-cle-bal-cle-baltimore,bal2026cle,2026-12-26,"Cleveland Fans Takeover Baltimore"
nfl2026-20261227-jax-dal-jax-dallas,dal2026jax,2026-12-26,"Jacksonville Fans Takeover Dallas"
nfl2026-20261227-lac-mia-lac-miami,mia2026lac,2026-12-26,"Los Angeles Fans Takeover Miami"
nfl2026-20261227-ne-nyj-ne-new-york,nyj2026nwe,2026-12-26,"New England Fans Takeover New York"
nfl2026-20261227-sf-kc-sf-kansas-city,kan2026sfo,2026-12-26,"San Francisco Fans Takeover Kansas City"
nfl2026-20261227-tb-atl-tb-atlanta,atl2026tam,2026-12-26,"Tampa Bay Fans Takeover Atlanta"
nfl2026-20261227-ten-lv-ten-las-vegas,lvr2026ten,2026-12-26,"Tennessee Fans Takeover Las Vegas"
nfl2026-20261228-nyg-det-nyg-detroit,det2026nyg,2026-12-27,"New York Fans Takeover Detroit"
nfl2026-20261231-bal-cin-bal-cincinnati,cin2026bal,2026-12-30,"Baltimore Fans Takeover Cincinnati"
nfl2026-20270103-buf-mia-buf-miami,mia2026buf,2027-01-02,"Buffalo Fans Takeover Miami"
nfl2026-20270103-den-ne-den-new-england,nwe2026den,2027-01-02,"Denver Fans Takeover New England"
nfl2026-20270103-det-chi-det-chicago,chi2026det,2027-01-02,"Detroit Fans Takeover Chicago"
nfl2026-20270103-ind-cle-ind-cleveland,cle2026ind,2027-01-02,"Indianapolis Fans Takeover Cleveland"
nfl2026-20270103-lv-ari-lv-arizona,ari2026lvr,2027-01-02,"Las Vegas Fans Takeover Arizona"
nfl2026-20270103-min-nyj-min-new-york,nyj2026min,2027-01-02,"Minnesota Fans Takeover New York"
nfl2026-20270103-no-atl-no-atlanta,atl2026nor,2027-01-02,"New Orleans Fans Takeover Atlanta"
nfl2026-20270103-nyg-dal-nyg-dallas,dal2026nyg,2027-01-02,"New York Fans Takeover Dallas"
nfl2026-20270103-phi-sf-phi-san-francisco,sfo2026phi,2027-01-02,"Philadelphia Fans Takeover San Francisco"
nfl2026-20270103-pit-ten-pit-tennessee,ten2026pit,2027-01-02,"Pittsburgh Fans Takeover Tennessee"
nfl2026-20270103-sea-car-sea-carolina,car2026sea,2027-01-02,"Seattle Fans Takeover Carolina"
nfl2026-20270103-wsh-jax-wsh-jacksonville,jax2026wsh,2027-01-02,"Washington, D.C. Fans Takeover Jacksonville"
nfl2026-20270104-hou-gb-hou-green-bay,gnb2026hou,2027-01-03,"Houston Fans Takeover Green Bay"
nfl2026-20270109-chi-min-chi-minnesota,min2026chi,2027-01-08,"Chicago Fans Takeover Minnesota"
nfl2026-20270109-det-gb-det-green-bay,gnb2026det,2027-01-08,"Detroit Fans Takeover Green Bay"
nfl2026-20270109-lv-kc-lv-kansas-city,kan2026lvr,2027-01-08,"Las Vegas Fans Takeover Kansas City"
nfl2026-20270109-sea-lar-sea-los-angeles,lar2026sea,2027-01-08,"Seattle Fans Takeover Los Angeles"
nfl2026-20270109-sf-ari-sf-arizona,ari2026sfo,2027-01-08,"San Francisco Fans Takeover Arizona"
nfl2026-20270109-ten-hou-ten-houston,hou2026ten,2027-01-08,"Tennessee Fans Takeover Houston"
nfl2026-20270110-atl-car-atl-carolina,car2026atl,2027-01-09,"Atlanta Fans Takeover Carolina"
nfl2026-20270110-cle-cin-cle-cincinnati,cin2026cle,2027-01-09,"Cleveland Fans Takeover Cincinnati"
nfl2026-20270110-dal-wsh-dal-washington,wsh2026dal,2027-01-09,"Dallas Fans Takeover Washington, D.C."
nfl2026-20270110-jax-ind-jax-indianapolis,ind2026jax,2027-01-09,"Jacksonville Fans Takeover Indianapolis"
nfl2026-20270110-mia-ne-mia-new-england,nwe2026mia,2027-01-09,"Miami Fans Takeover New England"
nfl2026-20270110-nyj-buf-nyj-buffalo,buf2026nyj,2027-01-09,"New York Fans Takeover Buffalo"
nfl2026-20270110-phi-nyg-phi-new-york,nyg2026phi,2027-01-09,"Philadelphia Fans Takeover New York"
nfl2026-20270110-pit-bal-pit-baltimore,bal2026pit,2027-01-09,"Pittsburgh Fans Takeover Baltimore"
atlmsy,nor2026atl,None,"Atlanta Fans Takeover New Orleans"
lvno2,nor2026lvr,None,"Las Vegas Fans Takeover New Orleans"
